period,gen_total_twh,gen_renewable_twh,gen_coal_twh,gen_fossil_twh,gen_hydro_twh,gen_natgas_twh,gen_nuclear_twh,gen_petroleum_twh,gen_solar_twh,gen_wind_twh,sales_total_twh,sales_com_twh,sales_ind_twh,sales_res_twh,price_avg_c_kwh,price_com_c_kwh,price_ind_c_kwh,price_res_c_kwh,cdd,hdd,exports_twh,imports_twh,direct_use_twh,losses_tBtu,co2_mmt,gas_prod_bcf,gas_cons_bcf,transport_energy_tbtu,fuel_coal_ktons,fuel_natgas_mmcf,pumped_hydro_net_twh
2010-01-01,360.95716695,12.80496887,173.32016091,252.75048827999998,22.38307243,74.17273601,72.569341,4.34820008,0.009866350000000001,6.85433658,331.87876296999997,108.12050556999999,75.54890308,147.4998756,9.28,9.55,6.5,10.49,4,927,1.17,5.31,11.084296,2158.323,203.686,1737.233,2809.788,2160.689,279380.08900000004,2031146.501,-1.755338
2010-02-01,319.73472667,10.90052455,153.04415909,222.44049245,20.58982989,66.19808,65.24537000000001,2.3730976,0.03282389,5.4318579300000005,298.45972804,100.74697804,74.19072741000001,122.84019897,9.47,9.89,6.55,10.89,3,808,1.025,4.413,10.14436,1882.907,178.574,1602.69,2480.95,1976.027,247070.503,1791997.435,-1.114946
2010-03-01,312.16764032000003,14.65361964,144.40563319,211.31618033,20.8856628,63.43066033,64.634721,2.47021221,0.0759992,8.58907682,292.51135074999996,101.75135585999999,78.31908908999999,111.78998549,9.48,9.95,6.53,11.11,9,550,1.305,4.355,10.883692,1815.034,170.51,1775.686,2142.925,2257.857,236282.131,1746579.224,-1.027523
2010-04-01,287.80022656,15.60722887,126.95188533999999,194.82488602,19.09666257,64.644025,57.611073,2.2863506900000004,0.1122794,9.764455980000001,267.05212908,99.79036122000001,78.62038761999999,88.04643494000001,9.53,9.95,6.55,11.71,36,272,1.278,3.885,10.090618000000001,1652.686,153.669,1726.918,1691.813,2244.74,208384.236,1760522.473,-1.011723
2010-05-01,327.93649154999997,14.63082261,143.27249362,220.94916540999998,25.07921697,73.66543824,66.658365,2.99402,0.15317198999999998,8.697524869999999,283.7292674,106.1721027,82.11397190000001,94.84300591,9.72,10.15,6.64,11.91,128,141,1.737,3.06,10.610624,1972.3,175.492,1796.596,1617.274,2310.009,233651.308,2002434.83,-1.3083129999999998
2010-06-01,375.75947837999996,14.209220310000001,165.49148889,262.71345501999997,29.85382693,92.26843063,68.30132155999999,3.9892518,0.17605289999999998,8.04902142,330.89320089,119.38499993,83.3597068,127.49596897,10.18,10.56,6.97,11.91,283,31,1.56,4.055,11.037177,2232.651,205.602,1716.613,1649.515,2282.307,267590.145,2442751.795,-1.352011
2010-07-01,409.72544035,13.107136500000001,179.60049909999998,299.59915542000005,24.51676133,114.62420192,71.913468,4.4113843500000005,0.16138150999999998,6.72389118,369.01771929,127.92396458,85.74380968999999,154.68871374,10.46,10.72,7.23,12.04,375,6,1.494,4.307,11.689950999999999,2467.349,230.443,1805.745,1825.828,2361.417,291405.097,3089195.025,-1.5969149999999999
2010-08-01,408.88415537,13.10007661,177.74532008,303.5329597,20.119232179999997,121.15126855999999,71.57410300000001,3.57546164,0.15639274,6.68585505,371.76931409,129.1663266,87.92706843,154.05343098999998,10.4,10.62,7.22,12.03,352,9,1.819,3.638,12.297671000000001,2469.242,231.669,1826.614,1878.926,2360.709,290931.592,3262194.768,-1.7720550000000002
2010-09-01,346.04517182,13.22741046,148.74567169,245.48622146999998,17.26520646,93.00417648999999,69.371195,2.78268177,0.13758114000000002,7.1055022,327.74233635,119.13672305,83.38971461,124.58273197,10.17,10.52,7.0,11.95,195,52,2.386,2.907,11.221403,2024.501,189.344,1772.37,1637.491,2257.737,244805.97,2486805.82,-1.237771
2010-10-01,307.92069056,13.7910768,132.26983506000002,213.04366404,17.68297635,77.73833651,62.750833,2.2275570200000003,0.07543584,7.9438076099999995,287.83979568,108.46080315,82.08065341,96.68803347,9.81,10.25,6.8,11.86,55,237,2.103,2.535,10.605297,1788.91,165.814,1862.916,1664.938,2290.452,218643.12900000002,2102056.802,-1.315339
2010-11-01,306.00962912,15.782287539999999,135.18504538,207.39818527,19.56155003,69.22655984000001,62.655206,2.07944188,0.07679538999999999,9.7476191,274.90006863,101.51893623000001,79.6138808,93.16613873,9.55,9.99,6.56,11.62,15,525,1.874,2.667,10.520290999999999,1811.838,165.464,1802.484,1973.294,2191.132,224599.002,1856578.596,-1.440201
2010-12-01,362.11908129,15.35863431,167.25808616,249.30645894,23.16907145,77.57332016000001,73.683304,3.52335421,0.044401220000000005,9.05929736,319.04769506,108.02630701999999,80.31327654,130.01388415,9.52,9.82,6.6,11.06,3,901,1.356,3.951,11.724868,2186.028,199.723,1889.64,2714.054,2277.334,272982.641,2089280.4570000002,-1.6891980000000002
2011-01-01,362.87189295,14.741985479999999,170.80267931,249.44390969,25.53109446,74.25433380999999,72.742813,3.4571084,0.03978157,8.550494800000001,334.11565319,108.25063314,80.09287514,145.06168779,9.48,9.78,6.53,10.87,6,954,1.594,4.282,11.244845,2113.265,199.444,1860.566,2888.64,2179.346,277842.529,1990523.282,-2.07615508
2011-02-01,313.12660705,16.11556676,138.31115723000002,207.47677437,24.131226050000002,65.92398289,64.789078,2.4341595099999997,0.08529854,10.4515619,296.90349799,99.79553835,76.36123171999999,120.10996908,9.56,9.99,6.63,11.06,9,741,1.521,3.741,10.042279,1766.771,164.896,1647.326,2452.403,2004.328,226849.628,1784840.611,-1.2084406799999998
2011-03-01,318.7099409,16.65001181,134.84523138,204.43015905,31.134470750000002,65.94712043,65.661598,2.69246277,0.12229961,10.544646049999999,292.05185887,104.25705814,82.20908469,104.92212296,9.55,9.93,6.53,11.52,25,581,1.541,4.023,10.398003000000001,1800.873,163.316,1907.851,2230.493,2262.893,224052.802,1769694.85,-1.00409244
2011-04-01,302.40072444000003,18.12523146,124.4882575,197.85856938999999,31.1943065,70.02899891,54.547338,2.42377692,0.16400622999999998,12.42165683,275.20387798,100.50621559000001,80.3672619,93.70163929,9.54,9.96,6.53,11.67,54,314,1.603,3.799,10.380113999999999,1672.784,154.81,1868.299,1825.023,2195.527,206861.032,1885260.461,-1.4093632400000002
2011-05-01,323.62823805,17.63789875,137.10156497,215.59747692,32.58692609,75.24279679,57.012913999999995,2.3784738699999997,0.19066911,11.77216075,287.99274780999997,107.62453459,82.06054846,97.68909798,9.78,10.19,6.68,11.93,107,157,1.276,4.898,10.680916,1839.695,169.403,1934.85,1667.396,2270.758,226179.42299999998,2047624.812,-1.2134037599999998
2011-06-01,367.727015,17.28412333,158.05521258,252.35282705,32.15121433,90.69111156000001,65.270134,2.59371506,0.22277309,10.98506912,328.70733187,118.17017391,83.91156382,125.98278519,10.26,10.66,7.14,11.97,259,39,1.316,4.483,11.181143,2121.252,196.012,1862.207,1657.334,2277.006,257992.435,2433902.524,-1.6710121999999998
2011-07-01,418.69275464,14.00044504,176.58581965,300.46152023,31.284634559999997,119.62359113,72.34485000000001,3.15406657,0.19110153,7.488629049999999,370.69191322,128.06543317,87.24710363,154.7289198,10.47,10.67,7.32,12.09,405,7,1.255,6.023,12.13578,2489.808,228.151,1936.85,1890.515,2292.827,288866.85,3214241.797,-2.05366232
2011-08-01,406.51131471,14.053537480000001,171.28053388,294.81778271,25.763578239999998,119.85579257,71.338566,2.59430881,0.22916273,7.473594019999999,372.71982806000005,129.36847817,88.98735194,153.7387326,10.49,10.72,7.39,12.09,350,9,1.009,5.584,12.292245999999999,2391.802,223.094,1959.548,1891.783,2322.746,283323.511,3190227.296,-2.04212397
2011-09-01,337.9313176,13.047847879999999,140.94114910000002,236.10857511999998,21.37759172,91.73907009,66.848854,2.4238603800000003,0.18571984,6.8690293,326.24722166,117.95131165000001,84.94279578,122.71949868,10.29,10.59,7.15,12.17,175,57,1.016,4.036,11.198974,1934.088,181.443,1893.345,1655.634,2191.343,236538.195,2453004.878,-1.76781416
2011-10-01,308.69850358,16.54979798,126.62697281999999,208.4493221,19.787389609999998,78.81920708,63.33697,2.06207603,0.15885995,10.52542896,288.13288819,108.64956376,84.28172740000001,94.58512049,9.83,10.25,6.77,12.08,50,256,0.914,3.7,10.503791,1780.582,162.086,2018.734,1744.454,2229.084,215034.288,2081447.298,-1.8829370799999998
2011-11-01,304.10215444,18.58943134,121.46271077,199.62946653,20.680527429999998,75.44129818,64.47388,1.78260139,0.10736985,12.43855312,275.23516385,100.55241991,80.8724358,93.22049602000001,9.58,9.98,6.53,11.78,18,473,1.13,3.471,10.888015,1760.343,155.396,1978.161,2031.872,2147.474,207292.262,1994755.455,-1.37576312
2011-12-01,335.74046276,17.18531496,132.92871614,222.24099681,23.73194371,86.12162582,71.837372,2.18563537,0.1206536,10.65577473,301.84419734,104.86607866,79.98158371000001,116.34102312,9.53,9.77,6.51,11.4,11,724,0.874,4.26,11.80793,1959.458,171.571,2034.141,2541.878,2224.268,227362.28600000002,2262995.674,-1.5936569600000001
2012-01-01,339.52648011,19.904259539999998,129.09098981,223.34569368,23.10714392,90.76088378,72.381186,2.47722102,0.09531986,13.63085627,310.97538419999995,105.23931021,79.20465598,125.88148337,9.61,9.84,6.44,11.41,12,763,0.934,4.149,11.667479,1916.776,167.725,2046.268,2756.18,2106.036,219083.703,2357031.296,-1.0277574399999998
2012-02-01,309.38943251999996,16.9957147,113.87204689,207.42759505,20.283964400000002,90.60978234000001,63.847023,1.9015332200000001,0.13524034000000001,11.051714169999999,286.98292448,100.08012366,78.29827379000001,107.97535744000001,9.58,9.94,6.45,11.51,13,629,0.869,3.639,11.018208000000001,1727.629,152.691,1876.815,2500.654,2040.98,194802.10199999998,2325928.273,-0.63659372
2012-03-01,309.08955206999997,20.201174190000003,105.52554678,200.39380160000002,25.90663425,92.25065327,61.728612999999996,1.54132997,0.23122838999999998,14.02734496,283.73120675,102.47442294999999,81.29824301000001,99.36168572,9.52,9.84,6.46,11.7,49,381,1.198,4.205,11.012588,1668.513,143.786,2013.944,2127.761,2181.905,177558.551,2412830.4390000002,-0.76459408
2012-04-01,295.22920493,18.563196,96.28544067,193.67447965,26.29539842,94.82859637,55.870931,1.50322779,0.31872331000000004,12.70903261,270.75960242,101.03670763000001,81.02967493999999,88.10320952999999,9.47,9.82,6.38,11.92,49,292,1.256,4.996,10.534785,1578.519,135.48,1943.437,1953.071,2154.232,159748.497,2520652.6580000003,-0.7335005600000001
2012-05-01,336.51615597,18.89791524,115.98264658,226.06632522,28.641312239999998,107.35181228,62.081445,1.72973058,0.46259684,12.54032427,296.96816897,110.80044713,84.67764946,100.89511737000001,9.64,9.96,6.53,11.9,155,99,1.15,5.472,11.297431000000001,1881.585,161.333,2016.486,1873.835,2259.886,193181.675,2827753.441,-0.9985774000000001
2012-06-01,360.82538089999997,18.46942585,131.26103605,249.89907962,26.65766222,115.59750323,65.140085,2.06812992,0.52706764,11.97215949,325.15986926,118.00939147,83.6190094,122.93413138000001,10.13,10.39,6.89,12.09,233,31,1.211,5.37,11.426712,2052.401,181.432,1939.055,1868.356,2226.482,219664.93600000002,3043733.974,-1.4472513200000001
2012-07-01,414.64121747999997,15.72631287,160.45026253,302.69501624000003,26.49104579,138.86284998,69.129329,2.33987729,0.50951028,8.823083,370.96270075999996,128.53530752,87.21918043,154.57907102000001,10.3,10.39,7.13,12.0,402,5,1.008,6.675,12.527636000000001,2427.433,219.786,2055.476,2069.773,2273.664,264661.315,3701544.6210000003,-1.7868378
2012-08-01,395.69974917,15.33049444,152.18105516,287.08482652,23.03372581,131.73586441999998,69.60211100000001,2.11796673,0.46141088,8.46941899,364.78471655,128.1064177,88.10463253,147.94104266,10.32,10.39,7.08,12.17,328,9,0.85,6.347,12.423427,2283.807,208.346,2045.359,2008.815,2324.87,253712.332,3494060.359,-1.4671643699999999
2012-09-01,334.58556266,15.40150605,125.58860804999999,236.36480846999999,17.60396419,108.01230069,64.510882,1.86022935,0.45810265,8.789865460000001,318.08970770999997,116.58497051,82.05990033,118.83134204000001,10.26,10.5,6.97,12.3,174,61,0.906,4.908,11.367995,1903.082,173.004,1990.747,1807.208,2123.853,213768.59900000002,2849134.31,-1.1615842
2012-10-01,311.65193070000004,19.22517658,120.99933876,215.42456323,16.501696619999997,91.72537056,59.743218,1.80489561,0.43142698,12.63590112,290.73545792,110.47100997,82.99568967,96.66943338,9.74,10.08,6.62,12.03,55,262,0.744,4.405,11.146367,1761.629,160.371,2061.55,1901.084,2213.473,205070.714,2433293.82,-1.13521596
2012-11-01,305.97585101,18.217131809999998,128.7270657,211.58181272,18.73331916,80.16946107000001,56.712756999999996,1.80979096,0.34727595,11.6484968,278.21192275000004,101.64073825999999,78.84734019,97.15523195,9.58,9.89,6.5,11.75,14,541,0.8,4.695,11.306460999999999,1751.653,161.754,1997.917,2167.841,2106.222,215523.6,2142190.642,-1.25328412
2012-12-01,334.63474915,21.400674050000003,134.07890757,221.06624436,22.98435228,83.9890974,68.583669,2.03560892,0.34877211999999996,14.52351758,297.28812385,104.12234865,78.35960426,114.18760211,9.64,9.81,6.52,11.62,11,699,1.07,4.397,11.927419,1919.941,168.919,2046.213,2503.907,2115.42,225573.491,2208056.021,-1.8207170000000001
2013-01-01,348.96737792,21.51823042,138.10482108,230.58218668,24.82852759,88.55905007,71.405817,2.7747197,0.30982386,14.73850426,320.68292852,107.72874656,80.50547227,131.78483713,9.64,9.77,6.5,11.46,15,829,1.056,5.378,12.295508,1951.934,174.449,2023.011,2878.785,2135.76,231014.34342,2323287.09,-1.4218579999999998
2013-02-01,309.72808000000003,20.33038694,123.54680484,206.79519091999998,20.41846514,80.28307377,61.483385000000006,1.9970859,0.43264262000000003,14.07559068,291.48036403,101.0156343,76.69204883,113.11388543,9.77,10.06,6.66,11.63,11,734,0.845,5.091,11.078796,1702.719,155.911,1832.561,2567.155,1943.537,206636.36291999999,2090896.572,-0.9651770000000001
2013-03-01,325.39883402,22.81018819,130.63356036,218.42590865999998,20.53435802,84.72525919,62.947389,1.9970366899999998,0.61939901,15.75565337,297.22603086,104.01135848,80.47438927,112.09672547999999,9.71,10.02,6.64,11.61,11,660,0.952,5.578,11.999514,1810.995,163.956,2023.443,2521.108,2223.321,217301.44431,2224952.943,-1.4179249999999999
2013-04-01,299.33286831,23.96084797,111.83468253999999,192.77630290000002,25.09710474,78.03643182,56.766881999999995,1.88546261,0.66673879,17.476274290000003,277.78190748,101.3949418,80.21647132,95.54085075,9.66,9.96,6.58,11.93,34,348,1.248,5.224,11.075838,1601.484,144.086,1983.451,1967.458,2174.646,187072.12283,2071751.581,-0.877191
2013-05-01,322.15564042,23.25425731,119.5125,206.82761926,28.45009411,83.81559186,62.848155,2.41158767,0.75270649,16.23870213,289.39843306,108.68260602000001,84.8969274,95.19159812,9.92,10.22,6.75,12.4,99,136,0.958,5.972,11.607887,1768.117,154.283,2042.563,1752.469,2276.932,198759.70400000003,2227934.63,-0.9862110000000001
2013-06-01,356.82264723000003,20.95423384,138.28321603,241.28788127,27.38406656,99.61506431000001,66.42969000000001,2.34206972,0.87068502,13.74810576,320.20066137,117.41041288000001,84.16985683,117.98210632,10.45,10.65,7.25,12.54,244,26,0.779,6.292,11.969042,2015.174,179.869,1973.764,1742.917,2231.4,229969.20906,2617557.474,-0.989426
2013-07-01,394.84562079999995,18.59280641,152.86685269999998,277.5983933,27.254571499999997,120.7709808,70.539238,2.81230634,0.82884727,11.09361355,358.70092813,127.31057593000001,86.88690808999999,143.85474883999998,10.69,10.7,7.45,12.65,338,5,0.983,6.855,13.030944,2259.905,204.621,2079.83,1926.33,2347.883,254951.21166,3203945.921,-0.903658
2013-08-01,385.28574514999997,17.381905800000002,149.4260529,274.1740155,21.63331561,121.15639696,71.344379,2.4484993100000003,0.94409174,9.63388368,353.57959372,127.06327433,87.80636831000001,138.06506954999998,10.58,10.69,7.37,12.53,288,12,0.848,6.991,12.681979,2226.32,201.51,2075.354,1927.379,2352.487,251447.24487999998,3173192.866,-1.445476
2013-09-01,340.94090155000004,18.991316169999997,133.11043729,238.4464799,16.961152300000002,102.06323334000001,65.79897100000001,2.1861818299999998,0.94877866,11.67408115,323.47785625999995,118.40772152999999,83.02499127,121.41921581999999,10.43,10.53,7.22,12.51,177,59,0.726,5.658,11.762474000000001,1923.013,176.283,2003.186,1766.973,2206.634,223372.15859,2694306.2260000003,-1.249867
2013-10-01,314.92546247,21.057542740000002,120.99639294,212.67374747,17.19859414,88.58740150999999,63.183533000000004,2.01843549,0.9875334100000001,13.635018089999999,294.37025872,111.90662153999999,82.97976639000001,98.89301479,10.02,10.28,6.87,12.36,56,258,0.971,5.319,11.621367,1760.325,158.319,2076.228,1866.762,2293.385,204486.64718,2333072.59,-1.077639
2013-11-01,314.53964185,23.030467830000003,120.93972975,208.12662152,17.67683384,84.28678492,64.975456,1.83973426,0.82435218,15.80325968,281.49432405,103.38447877,79.63157395,97.90401594,9.79,10.03,6.65,12.1,18,573,0.896,5.559,11.717827999999999,1788.634,155.517,2029.834,2316.909,2211.741,203614.97332,2230158.182,-1.2405540000000002
2013-12-01,353.02124773,21.62588278,141.85966537000002,238.25330914999998,21.128299180000003,92.9362913,71.293578,2.45132422,0.85002134,13.967058810000001,316.47453483000004,108.76240498000001,78.06710006,128.96606076,9.86,9.96,6.66,11.72,13,830,1.112,5.33,12.62076,2034.837,180.45,2062.296,2920.826,2215.754,237910.87791,2481093.685,-1.2646389999999998
2014-01-01,377.24983084,25.49322013,157.09736861000002,256.16272161,21.63379467,91.06093439,73.162609,7.07155592,0.7511187300000001,17.91121433,341.23827229,113.86592485999999,80.14884693,146.51144233,10.12,10.35,6.98,11.65,7,972,1.282,5.467,12.042541,2161.016,196.191,2070.203,3204.129,2145.071,257339.43166,2458354.089,-0.8696419999999999
2014-02-01,324.34412066,21.0008236,143.29448746999998,222.81684266,17.39612893,75.94231445000001,62.638949999999994,2.76280511,0.8349922000000001,14.008660449999999,308.94113303,104.35264247,75.41326442,128.47535803,10.33,10.68,7.12,11.94,12,800,1.293,4.437,10.682759,1827.558,173.22,1914.141,2741.24,1988.026,234388.77573,2050660.863,-1.3505989999999999
2014-03-01,331.81754641000003,25.850678520000002,136.44260132,218.64700686,24.257129250000002,78.15091835999999,62.39708,3.18788712,1.3170937100000002,17.7358829,302.38818814,106.96788672,80.5390692,114.23280446,10.28,10.65,6.99,12.25,15,684,1.937,5.584,11.422832,1826.887,166.717,2134.549,2557.89,2212.042,222123.42654,2074443.646,-1.283425
2014-04-01,297.62529265,26.47580569,109.28059165,188.66985522,25.439906609999998,76.78187947,56.384588,1.75319657,1.48709725,18.635549169999997,275.89366693,102.45894982,80.50532654999999,92.28971503000001,10.0,10.46,6.77,12.31,37,325,1.337,4.791,10.775561,1558.556,138.984,2116.226,1961.678,2221.294,178820.27363,2016469.878,-1.1875419999999999
2014-05-01,324.71820092999997,23.82230574,118.78580061000001,210.89383358999999,26.543885109999998,89.11967652999999,62.94743,2.04395897,1.74965461,15.60136684,291.42086896,109.66554886,85.38298728,95.72676781,10.21,10.54,6.83,12.85,113,127,0.826,5.39,11.196076999999999,1789.966,155.552,2174.959,1810.222,2281.435,196679.48881,2322983.231,-1.868293
2014-06-01,357.83822997,24.464129290000002,137.57692149000002,239.03379837,25.743877670000003,98.46760766,68.138232,2.02059385,1.9233258800000002,15.798817119999999,322.79197998,118.4225304,85.71109600000001,118.04903675,10.75,10.96,7.39,12.99,242,28,1.045,5.493,11.375699000000001,2013.185,178.438,2115.666,1745.351,2246.101,227638.58321,2542073.516,-1.9501080000000002
2014-07-01,385.77327325000005,21.04418466,149.62705757999998,267.81911195,24.35740238,115.08126949000001,71.940126,2.04214324,1.78769886,12.18739242,351.52398462,125.43414702,88.41710031,137.02796944,11.03,11.17,7.62,13.09,301,10,1.03,6.299,12.354807000000001,2206.628,198.313,2232.675,1881.017,2368.223,249804.73285,2975108.959,-1.4989359999999998
2014-08-01,384.33497824,19.02080881,148.45162333,273.98549005,19.80724668,122.34842288,71.12874599999999,2.05030937,1.87948203,10.170520759999999,351.88299204,125.60300367,89.80840816000001,135.8297966,10.91,11.05,7.51,13.04,292,13,0.863,6.678,12.420943999999999,2223.901,200.54,2244.834,1933.061,2365.372,248526.35707,3154361.902,-2.585992
2014-09-01,339.88057118,19.893357360000003,126.11038461,235.76680533,16.07432674,106.58158568,67.5345,1.94846623,1.83226056,11.51976842,326.90712123,120.04881267,85.48915774,120.74134746,10.83,11.16,7.37,12.95,182,57,0.766,6.034,11.61886,1896.126,171.502,2171.651,1809.291,2199.05,212418.58938,2755831.62,-1.632197
2014-10-01,314.51632764,22.71845051,111.29595754,211.57896208999998,17.15921225,97.68301575999999,62.390988,1.51773073,1.7169230199999999,14.50793111,296.6797844,113.02310288999999,84.99416687,98.03768189,10.34,10.83,7.07,12.6,74,221,0.951,5.372,11.215949,1727.868,152.741,2266.298,1912.81,2335.793,188383.00877000001,2547205.645,-1.3060640000000001
2014-11-01,317.48902094,26.80747505,119.12743936999999,206.29245572,18.62492296,84.35351326000001,65.140185,1.73804851,1.37963993,18.86692881,285.41258256000003,104.24546931,81.04419637000001,99.48577105,10.13,10.52,6.75,12.48,11,615,0.875,5.583,11.288361,1781.746,153.901,2179.157,2357.521,2213.621,199274.48582,2204500.393,-1.589186
2014-12-01,337.95059111,22.62145863,124.62011616000001,218.90607217,22.32878862,91.0378204,73.36254799999999,2.09516592,1.03174441,14.71124947,309.61969283,108.07024439999999,80.12251809,120.80062015,10.12,10.36,6.7,12.17,10,707,1.092,5.383,12.179494,1886.734,162.199,2269.247,2679.165,2299.292,208867.00696,2344571.286,-1.508153
2015-01-01,360.44926250000003,23.12104993,132.45052066,238.35722297,24.1383839,101.68739262,74.269974,2.97296671,1.1553506299999998,15.162146329999999,329.66632027,111.61965742000001,79.60899964,137.76485879,10.18,10.31,6.67,12.1,9,892,0.817,6.039,12.214371,1986.358,172.876,2276.791,3114.982,2185.857,219648.99528,2565388.209,-1.732298
2015-02-01,334.47060697999996,22.561316169999998,126.97683198,225.63759799000002,22.286076010000002,91.31516470999999,63.461493000000004,6.32062132,1.48355386,14.92154534,306.76844011000003,105.48247635,76.74876531,123.83772058,10.36,10.62,6.88,12.29,7,869,1.355,5.574,10.703322,1821.402,163.771,2066.675,2925.172,2012.425,206117.87818,2315111.586,-1.452314
2015-03-01,324.18609214,23.9433078,108.48753856,210.77935101,24.280904760000002,99.42271998,64.546799,1.77849118,2.0722570300000003,15.30792894,305.35176924,107.79608358,79.709106,117.16711068,10.29,10.63,6.83,12.33,29,585,0.944,6.632,11.103245000000001,1707.294,147.886,2298.208,2591.329,2297.17,179805.93379,2531499.009,-1.246664
2015-04-01,294.12763929000005,26.49435636,88.9891425,184.50215636,22.47097723,92.80599824,59.784495,1.72768214,2.37911811,17.86714921,275.47512077,104.16779782,80.48863267,90.19918738,10.01,10.37,6.61,12.62,53,300,0.585,6.528,10.64377,1524.695,127.366,2256.179,2007.922,2233.864,149677.39515,2375407.993,-0.6107039999999999
2015-05-01,322.08075837,26.18220495,104.58452668,209.13838107,20.1254156,101.5163545,65.82652499999999,1.93877455,2.5041488100000002,17.15134131,288.09069944,109.40565371,82.91573893,95.16053288,10.21,10.47,6.74,12.93,126,119,0.609,6.616,11.177657,1776.622,147.188,2297.826,1858.149,2314.171,175760.83458999998,2594786.438,-1.0317290000000001
2015-06-01,362.40300441,22.56065293,125.67311366,250.12896862999997,20.414084,121.47774921999999,68.51616499999999,1.8604969599999999,2.5575981999999997,13.42126619,326.39689785,119.27012121,86.21770376,120.29975350999999,10.64,10.89,7.11,12.92,254,24,0.617,6.694,11.89736,2047.339,177.008,2218.529,1899.906,2305.052,211644.07979,3103438.1810000003,-1.111976
2015-07-01,400.41240259,23.45449665,139.09986855000002,283.75857279,21.01422144,141.11908134,71.412176,2.30417963,2.62706355,13.67544937,362.93806689999997,128.50425328999998,87.74734656000001,146.03829057000002,10.95,11.07,7.45,12.94,336,6,0.647,6.896,12.956314,2275.15,200.034,2299.745,2067.714,2420.702,234899.99661,3626677.403,-1.4601780000000002
2015-08-01,392.10958745,22.82139226,134.6703089,277.08284795000003,19.12210511,139.0837544,72.415352,2.13320671,2.68755324,13.080027560000001,362.03176805000004,128.51892243999998,88.37307421000001,144.51514459,10.85,10.94,7.35,12.91,315,11,0.657,7.168,12.715968,2206.725,193.772,2302.361,2052.728,2400.024,226292.31751,3575265.764,-1.7958170000000002
2015-09-01,350.11531728999995,22.64738039,117.9856322,244.26598047000002,16.0941224,123.03592238,66.476372,2.03430558,2.2171241,13.97156651,332.95787525,122.19540637,84.7304842,125.41666628,10.79,10.98,7.21,13.03,223,32,0.709,6.611,12.04197,1918.043,169.957,2242.155,1901.337,2275.111,199203.54543,3153678.858,-1.631124
2015-10-01,312.10570168,24.70802183,96.75850415,209.44121333,16.63040155,110.00503903,60.570921000000006,1.77119244,1.90957979,16.38003853,296.05534616999995,112.82148753,83.24883116,99.34904737,10.31,10.73,6.88,12.72,76,228,0.696,5.26,11.542161,1662.935,143.738,2300.017,1987.31,2325.128,165566.51380000002,2835794.833,-1.3187449999999998
2015-11-01,300.64680725999995,28.06482174,87.22713603,192.07494776000001,19.337830880000002,102.23625483000001,60.263940999999996,1.7098876,1.7296613,19.68171564,275.91652883,104.14023952000001,78.49466844,92.67774922,10.05,10.3,6.61,12.71,30,446,0.661,5.849,11.683710999999999,1603.037,131.921,2216.479,2249.14,2191.524,151536.54329,2633520.04,-0.8774679999999999
2015-12-01,324.42069958999997,28.601902709999997,89.49507283999999,202.07851331,23.16556195,109.77667885,69.63366400000001,1.69694383,1.56989498,20.09837277,297.34355648999997,106.82942741000001,78.22438108,111.67043688999999,9.98,10.13,6.45,12.32,26,582,0.805,5.906,12.48767,1706.293,136.268,2290.495,2588.168,2291.643,155719.21865,2768515.872,-0.8527760000000001
2016-01-01,352.71371942999997,26.67902291,113.45937975,227.05942965,25.61454233,110.04374673,72.52477499999999,2.3614532599999998,1.4858018199999998,18.46640151,320.89016476,110.4104764,78.84786312,130.97184829,9.97,10.08,6.44,11.99,7,872,0.389,6.523,11.919891999999999,1899.999,158.962,2280.34,3091.695,2187.761,191487.72832,2762361.4,-1.034354
2016-02-01,313.6803803,28.73786822,92.70480796999999,194.52784792999998,24.139015479999998,98.55217908,65.638141,2.2093026599999996,2.24156342,20.1382278,296.80576317,103.45168958000001,76.74845904,115.959425,10.0,10.25,6.42,12.14,11,630,0.552,5.433,11.077664,1599.425,133.172,2163.435,2652.26,2128.205,156285.01144,2462918.773,-1.2847160000000002
2016-03-01,304.38423689,31.08407116,72.17252681,179.0608727,27.389877199999997,103.88993756,66.148894,1.80105506,2.61745225,21.93940933,285.81235897,105.73917841,79.23736127,100.22657541000001,10.0,10.23,6.46,12.56,35,451,0.671,5.809,11.575036,1510.124,116.408,2286.521,2356.298,2352.988,124105.51832,2623797.1,-1.205868
2016-04-01,292.88874563,29.666444520000002,72.1128619,173.95985977,25.87802878,98.87594729999999,62.731845,1.83904986,2.8796818699999998,20.79930345,269.5312373,102.04512866,78.64672682,88.24434036,9.83,10.19,6.44,12.43,42,310,0.45,4.702,10.885667999999999,1472.73,113.544,2211.218,2083.848,2267.035,121015.51876,2524828.234,-1.377662
2016-05-01,316.77865137,28.71106101,81.69451025000001,195.13617292,25.48638143,110.4301923,66.576493,1.9581538299999999,3.42518345,18.84789867,284.70764149,108.43689218,81.49145601,94.19802969999999,10.06,10.31,6.57,12.79,97,151,0.37,5.561,11.378677,1661.574,129.116,2258.898,1965.799,2359.784,139073.42531,2796272.253,-0.849252
2016-06-01,367.77577376,26.23636075,116.03438414,250.44962124,23.23686739,131.39522913,67.17532399999999,1.97678906,3.47349784,16.3034413,329.87790515,120.36327304,83.67203383,125.21123945,10.52,10.66,7.03,12.73,270,21,0.61,6.748,11.758717,2021.847,171.443,2165.089,2000.656,2368.24,193979.45591,3338085.808,-1.333095
2016-07-01,411.8810731,28.3724714,136.31643397000002,291.26870701999997,21.455320930000003,151.55387195999998,70.349347,2.3215492699999998,3.94479289,17.61835712,372.17226805999996,130.03831813,87.0763985,154.40932698,10.7,10.68,7.23,12.68,383,6,0.575,7.674,12.566384,2306.273,201.178,2255.564,2186.616,2438.254,227575.29327,3890499.779,-2.305491
2016-08-01,409.69503402000004,24.465321199999998,135.63473331,293.79379156,19.56954914,154.75967321000002,71.526405,2.3354626400000003,3.9691862299999996,13.589326150000002,381.19232814,135.01884084,89.10053838,156.44152359999998,10.81,10.76,7.23,12.88,362,6,0.587,7.349,12.672259,2273.387,201.166,2237.678,2208.375,2464.228,226627.24944,3943883.86,-2.75933
2016-09-01,351.47933284,26.52937947,114.13776825,242.6869711,16.36768403,125.60273981,65.448176,1.92613452,3.63506928,16.40364017,336.75208609,123.49282377,83.25930744,129.36293162,10.68,10.77,7.14,12.87,219,39,0.587,5.297,11.660294,1879.632,166.826,2151.15,1947.752,2307.225,191687.62038,3186304.199,-2.13909
2016-10-01,312.93972788,29.74896804,99.19394367,204.57655068,17.338856540000002,102.89798607,60.733343,1.57137741,3.1912241800000003,20.33538978,296.68067052,112.96281663,81.59727214,101.50796582,10.15,10.55,6.73,12.46,86,198,0.432,5.751,11.349231,1651.538,142.95,2214.145,1925.203,2328.918,168135.81949,2650976.9930000002,-1.669058
2016-11-01,297.05626276000004,28.81910702,86.94046241,183.76469522,18.80826528,93.9418345,65.178776,1.86907217,2.76714449,19.405642110000002,277.31698036,105.05986750999999,78.42143195,93.24409126,10.1,10.32,6.66,12.75,25,419,0.417,6.421,11.267695999999999,1565.376,126.821,2160.6,2159.445,2260.823,148515.1621,2384315.97,-1.940843
2016-12-01,345.33687453,32.582872609999995,118.74684189999999,218.18330615,22.52776456,96.36359628,71.662429,2.03540624,2.42352344,23.14552474,310.72222579,110.17208074,78.61633246000001,121.28085551,10.09,10.17,6.67,12.23,16,784,0.574,5.448,11.725182,1877.677,158.366,2207.475,2866.273,2346.368,200002.3883,2446003.334,-2.4212890000000002
2017-01-01,344.32495166,29.9292934,115.33280828,213.99737672999998,26.62788134,95.57222908,73.120612,2.04577548,2.32398616,20.79877101,318.17717904999995,109.48838655,78.80911338,129.21249867,10.13,10.21,6.59,12.21,17,768,0.484,7.019,12.110852000000001,1830.1,154.269,2187.447,2914.277,2228.928,195667.99414,2445318.939,-1.114143
2017-02-01,291.04331412,30.96382055,86.82218986,172.15936801,23.88176459,82.76765084,63.560370999999996,1.59188284,2.7511990500000003,22.09110927,275.77713545,99.63993551,74.53379401,100.96823570000001,10.28,10.48,6.63,12.79,21,549,0.69,5.672,10.917146,1466.959,120.574,2003.393,2340.517,2048.518,148139.45055,2106076.22,-1.607077
2017-03-01,319.32874211,36.93525707,89.36462027,187.15402448,29.613194630000002,95.07366171,65.0932,1.6554949799999998,4.51408465,25.73061672,291.44363704,107.17286431999999,80.53022476,103.09552026,10.28,10.46,6.71,12.89,32,545,0.998,6.023,11.643948,1596.147,127.9,2268.204,2523.654,2380.845,150765.1032,2422310.73,-1.6146029999999998
2017-04-01,295.35424916,36.51390757,81.3353131,172.08244262,29.40946563,88.45510059,56.743352,1.2906684499999999,4.90667802,25.37794296,272.80115774,102.58904962999999,78.89855775000001,90.72450386,10.07,10.4,6.6,12.72,55,248,1.106,5.562,11.201728,1425.879,116.733,2197.733,1932.067,2267.629,136556.17165,2261624.0039999997,-1.324109
2017-05-01,323.43921668,35.19277439,92.77654135,193.66859894,32.607115140000005,98.01931124,61.312752999999994,1.8169946700000001,5.78502726,23.06763856,291.87053765,109.8720998,83.13447026,98.28115882,10.34,10.59,6.78,13.07,105,154,0.832,5.084,11.454801,1620.804,133.253,2270.953,1891.574,2425.167,156432.89435000002,2496551.419,-1.1999199999999999
2017-06-01,358.51431016,32.774406490000004,107.50832219,227.6298632,30.575295590000003,117.23570085,67.010782,1.89286403,6.115379,20.14174696,328.58261458,120.0131553,85.39853828999999,122.54316906,10.83,11.01,7.19,13.2,241,25,0.811,5.993,11.93835,1851.371,155.953,2219.0,1909.683,2402.688,180334.64221,2977696.717,-1.664194
2017-07-01,404.42464581,28.588481650000002,127.69782032,277.48434105,26.59824651,146.92943853000003,71.314219,1.80959394,5.56910622,16.11999604,367.61302159999997,129.27662303,87.80613189,149.90048178,10.95,10.97,7.31,13.08,362,5,0.708,5.913,12.708695,2182.024,188.431,2316.614,2141.134,2434.801,213726.20687999998,3735571.5900000003,-2.1994380000000002
2017-08-01,384.73058633,26.18584086,119.48838491,263.55588982,22.03385574,141.2011381,72.38421799999999,1.73310661,5.3685367699999995,13.87884827,360.26261916,128.48100787,89.13444287,142.00716652999998,10.91,11.01,7.22,13.15,291,15,0.773,6.509,12.534032999999999,2058.926,177.824,2315.312,2093.483,2493.83,202008.11125999998,3565300.866,-1.805383
2017-09-01,335.90798312,29.297015650000002,98.20204611,218.94037805,19.151755379999997,118.03585224,68.097918,1.64303701,5.059441369999999,17.911774740000002,321.72581017,118.78875907,83.54014022,118.77878233,10.86,11.03,7.17,13.28,184,44,0.692,5.228,11.184433,1759.232,148.632,2279.811,1919.516,2304.388,168438.76245,3028054.077,-1.784025
2017-10-01,318.66227709,35.2636161,89.77552365,199.14531080999998,17.69817945,106.82627512,65.99478500000001,1.5453454899999999,4.64967321,24.36870291,299.53947902000004,113.2871917,82.81513063,102.81104302,10.4,10.78,6.91,12.8,77,193,0.71,3.952,11.312068,1645.62,135.352,2397.665,2030.95,2406.78,154530.34061,2767058.46,-1.299617
2017-11-01,308.04471631,32.35922625,90.98633924,188.58557951,19.88833402,94.92834076000001,66.617853,1.66985846,3.2087486800000002,22.6148668,283.34700055,104.97310002,79.45559181,98.32056548999999,10.28,10.49,6.73,12.94,27,492,0.823,3.93,11.449564,1614.904,131.347,2392.537,2357.16,2289.225,157193.51478,2435512.502,-1.437411
2017-12-01,350.40786528999996,32.24610665,106.54536664999999,221.73350577,22.247841639999997,111.39779204,73.699572,2.6953232899999997,3.03500469,22.20068098,312.21578198000003,109.30552109999999,80.24180912,122.00461658,10.17,10.28,6.54,12.45,10,800,0.744,4.799,12.503772000000001,1879.062,152.283,2491.914,3085.692,2364.653,180044.85636,2840092.333,-2.023275
2018-01-01,373.23027967999997,35.76170169,119.28411471,237.19354282,25.06407663,110.29290908,74.64904,6.5198971199999995,3.31897521,25.598822199999997,344.47768735,114.92525918,79.88979117,148.91738370000002,10.41,10.49,6.94,12.22,7,899,1.14,5.225,12.386486999999999,1956.897,166.498,2441.063,3341.44,2270.576,199507.10911999998,2822258.562,-1.6859680000000001
2018-02-01,306.89421345,33.31101077,82.05018240999999,183.21177921,24.90225758,98.51185154000001,64.79003,1.55762385,3.89641408,23.18948924,292.73228567999996,102.68544876,75.66118887,113.75128019,10.42,10.65,6.78,12.63,23,627,1.268,4.788,11.019756,1510.121,123.067,2250.905,2711.241,2064.153,141524.15236,2475149.853,-0.877606
2018-03-01,321.54695370999997,38.25590114,80.62566254000001,189.7796524,25.860604,106.52377987,67.032656,1.47183997,5.05623832,26.46370391,296.99930430999996,108.10834274,81.05292676,107.21843098999999,10.34,10.51,6.63,12.97,21,611,1.195,5.599,11.504611,1585.491,124.269,2521.151,2797.818,2422.882,137488.47007,2698901.421,-1.588971
2018-04-01,300.75644042,38.5030881,73.34600642999999,174.35387715,28.11515452,98.37108027000001,59.133155,1.53827936,6.0567267099999995,26.43085718,278.46798771,103.33147962,79.08341885,95.45361577,10.18,10.46,6.57,12.88,32,412,1.622,4.529,11.007268,1437.679,114.288,2435.681,2351.509,2327.167,125134.09113,2506419.041,-1.17627
2018-05-01,338.94760557999996,37.26803709,85.2273,203.23535161,30.44428385,115.2839823,67.320248,1.55680515,6.84901231,23.95312766,303.24800751000004,113.17548258,85.63764703999999,103.84799899,10.35,10.51,6.79,13.12,173,86,1.141,5.239,11.722722,1722.697,134.298,2545.81,2056.106,2454.148,145406.56596,2942363.22,-1.153125
2018-06-01,371.88576125,38.608101340000005,101.50342674,235.32165419999998,27.597488470000002,130.82639996,69.687556,1.90056775,7.4146670100000005,24.702855930000002,338.08298543,122.0111754,85.53624101,129.9128992,10.75,10.84,7.17,13.03,269,26,1.215,5.494,12.009891,1903.279,156.253,2476.154,2064.26,2441.232,171814.4477,3283699.895,-1.1873150000000001
2018-07-01,411.29031965,30.07054876,115.37637643999999,283.19806442000004,25.09952896,164.74906024,72.45600900000001,1.90100809,6.7548758,16.446574390000002,375.02342713,131.52157201999998,89.30135668,153.56605021,10.99,11.0,7.32,13.13,376,4,0.935,5.371,12.975004,2196.009,185.129,2609.653,2352.215,2509.971,195647.68815,4188097.905,-1.844187
2018-08-01,408.02775670000005,33.29622076,115.12945572,280.03340515,22.01690536,161.67624102,72.28246700000001,1.9267060100000002,6.69540796,19.846436989999997,381.13062934,134.84807012,92.10575136,153.49649426000002,11.01,11.03,7.25,13.26,351,7,1.134,6.136,13.059674000000001,2134.765,182.913,2662.285,2315.335,2555.46,195412.30196,4069450.7049999996,-2.266953
2018-09-01,356.25830168,30.678653750000002,96.54399239,241.28790737999998,19.1656208,141.78552770000002,64.72475299999999,1.85402884,5.96090148,18.51967063,337.26254868,122.03347842,85.67899407,128.90979255,10.66,10.72,7.05,13.01,230,38,1.061,4.251,11.990922000000001,1829.515,156.506,2618.67,2157.215,2327.801,165996.78882000002,3555482.9439999997,-1.804306
2018-10-01,324.93194313000004,32.396009320000005,87.26362736,212.99857741999998,19.54819092,123.14223947,59.396905,1.5767086099999998,4.969690969999999,21.19389801,309.11358697000003,116.13334132000001,85.30074348000001,107.04875285,10.41,10.77,6.87,12.85,69,254,0.884,3.719,11.847855,1622.586,138.464,2740.273,2286.013,2416.531,149115.22709,3124789.827,-1.5172180000000002
2018-11-01,322.36865684,32.077208060000004,92.81859372000001,203.69248149999999,21.91271643,108.16763501,63.954370000000004,1.66113329,3.74276491,22.0157339,290.50709976999997,104.9831121,81.1183574,103.7899565,10.35,10.54,6.85,12.9,18,595,1.285,3.813,11.959292999999999,1676.288,137.811,2698.177,2716.229,2345.007,159473.58839,2748791.89,-1.013681
2018-12-01,342.13911163,34.06534506,100.31860014,213.00209417,22.79716131,109.80197563,71.657288,1.76101975,3.10963979,24.30628369,312.13971096,107.99808271,80.30613626,123.18040373999999,10.21,10.33,6.67,12.43,11,733,0.925,4.099,12.420247999999999,1769.545,144.974,2774.454,2999.923,2368.744,171653.1922,2758883.806,-1.718354
2019-01-01,359.50923411,34.40912645,100.90470429999999,225.73081381,24.797808420000003,121.58867631,73.700844,2.21275695,3.58020841,24.3014495,328.60925104,112.01238825,82.60975692,133.31755017,10.24,10.3,6.58,12.47,9,861,1.464,4.805,12.527972,1841.673,150.409,2766.868,3425.044,2319.682,172496.24524,3041453.661,-1.0703779999999998
2019-02-01,315.02648424,32.291067149999996,79.92940881,194.5257571,22.880537779999997,112.14191132,64.714894,1.50680341,3.83577281,22.622753420000002,295.79769323,102.07087863000001,76.44726277,116.60800237000001,10.4,10.54,6.69,12.72,18,721,1.418,4.552,10.943751,1558.853,126.404,2516.133,3020.076,2141.244,139518.13228,2779379.723,-1.252124
2019-03-01,326.65720759,37.935033600000004,78.35161989,196.64036267,26.33398533,115.81310124000001,65.079691,1.3900936099999999,5.89862563,25.772678420000002,301.85269315,107.46819984,81.092831,112.60541506,10.34,10.46,6.73,12.84,18,634,2.549,4.95,11.721253,1585.633,126.378,2798.471,2928.525,2392.703,136150.37182,2892936.188,-1.28173
2019-04-01,296.66256943999997,41.238330950000005,59.922459690000004,166.1113592,27.820176800000002,104.05859004999999,60.580927,1.18262734,6.7522763800000005,28.91530603,273.89983766,102.4459396,80.45975842,90.3838218,10.24,10.52,6.51,13.25,42,289,1.968,4.355,10.91048,1367.766,102.762,2721.306,2213.498,2354.742,103514.2243,2623658.425,-0.21924800000000003
2019-05-01,330.42304767,38.89754376,71.88462525,191.67145890999998,31.98204155,117.05887399,67.123546,1.67394732,7.16189697,25.77938696,296.80173615,111.20095269999999,84.66129301,100.33107128,10.38,10.54,6.69,13.31,129,159,1.682,4.723,11.415149,1598.452,120.541,2833.477,2135.137,2456.141,123188.72387999999,2920782.221,-1.09483
2019-06-01,352.9880739,36.48538188,78.53950426,218.90415896,28.07776308,137.83613768,68.804879,1.51947595,7.971092980000001,22.44597049,321.46160492999996,115.74502702,84.99199460000001,120.11616993,10.74,10.9,6.87,13.32,226,34,1.526,5.156,11.727767,1749.493,136.404,2749.637,2120.269,2439.71,135931.58393,3406154.229,-1.105265
2019-07-01,410.03781039,36.72401301,100.77078542,275.70547839,24.87539844,171.95456399,72.198595,1.79476661,8.13264079,22.10072207,376.09482072000003,130.95145258,90.75218668,153.74888905999998,11.0,11.02,7.14,13.26,373,5,1.957,5.643,12.797592,2086.24,172.189,2856.964,2395.18,2517.692,171425.56109,4263834.783,-1.827256
2019-08-01,401.42969356,34.42207451,94.03970636,271.88656709,22.57866752,174.96828657,71.91068399999999,1.7312235900000001,7.8765537100000005,19.978030729999997,372.57408721,130.7761738,91.06184214999999,150.08305574000002,11.05,11.02,7.4,13.3,335,10,1.785,5.865,12.828158,2038.83,167.077,2926.429,2435.169,2560.85,161024.66780999998,4349780.2,-1.640396
2019-09-01,360.51846824999996,37.43874116,85.70669196,238.01954091000002,18.525759989999997,149.69703128,66.06358,1.50384768,6.817219919999999,24.513467860000002,340.46280117,122.0591507,86.16037695,131.56672667,10.82,10.96,7.06,13.16,242,41,1.776,5.293,12.032024999999999,1775.025,146.665,2842.862,2207.12,2336.495,145276.32493,3726554.908,-2.013644
2019-10-01,320.35188481999995,39.495369939999996,66.77723093,199.79062643999998,18.30581291,130.94761797,62.032622,1.14181328,6.09346647,27.6245193,308.24120549,115.30490269,84.39613735,107.99720819999999,10.39,10.74,6.84,12.81,75,255,1.465,3.661,11.792936,1506.933,120.812,2963.416,2307.468,2454.727,116274.41745,3285116.5790000004,-1.0390449999999998
2019-11-01,315.84909204,35.19418356,75.54933857,195.7386826,20.21759733,117.91046597,64.125425,1.23234203,4.3639928900000005,25.18435888,285.53204149,102.84001355000001,79.62466409000001,102.45292208000001,10.38,10.57,6.72,13.03,16,591,1.244,4.839,12.007712,1567.691,122.546,2914.843,2784.228,2322.332,129809.34387,2938388.804,-1.567435
2019-12-01,338.4016474,36.268110009999994,72.58073605999999,206.97801579999998,21.478181359999997,131.83891728,73.07357499999999,1.45104474,3.45307527,26.64383983,309.8226908,108.00147569,80.0947451,121.07807664,10.22,10.32,6.38,12.68,13,717,1.175,5.212,12.565543,1661.233,125.316,3008.614,3171.583,2373.246,125769.92528,3244196.332,-1.6929580000000002
2020-01-01,341.85020572999997,38.70674378,65.13975937,203.75975685,24.49785718,135.91620215999998,74.169646,1.54837256,4.458877429999999,28.12141138,315.53278974,109.81219558,80.60851253999999,124.4422113,10.22,10.18,6.37,12.76,15,741,1.425,4.608,12.75529,1637.991,120.822,3018.453,3329.822,2276.051,114503.77653999999,3402929.06,-1.190048
2020-02-01,319.55011365999997,40.53301909,56.20146779,186.51385274,25.86806177,127.87117318,65.910574,1.28914803,5.5614092,29.11049454,294.65940487,103.01476876000001,78.90273171,112.1228819,10.22,10.3,6.44,12.82,12,653,1.655,4.487,11.804656000000001,1480.936,108.891,2769.451,3064.668,2167.618,99826.91045,3180798.766,-0.7309880000000001
2020-03-01,309.58672327,41.95019114,50.730628470000006,179.07784005,23.823017479999997,125.90468928,63.99721,1.39513869,6.34964464,29.319782930000002,289.89378032,104.10984325999999,80.93061592,104.25494269,10.21,10.34,6.39,13.04,42,485,1.317,5.095,11.898045,1418.852,103.382,2952.802,2727.983,2061.309,90292.61647000001,3187416.233,-1.1133110000000002
2020-04-01,279.58326477,43.45352406000001,40.67520198,153.01733298000002,23.194354660000002,110.30065012,59.170016000000004,1.23941896,7.9207291,29.752228979999998,262.40056179,91.40577238,72.79110205,97.75920303999999,10.34,10.37,6.39,13.24,42,360,1.459,4.703,10.767269,1240.351,87.316,2850.742,2265.928,1568.034,73578.64979,2797512.12,-1.022134
2020-05-01,304.59323748,43.90062333,46.526626320000005,165.65524115,29.976160510000003,116.94293863,64.33797,1.30141832,9.65340589,28.37750536,274.7070812,94.2991629,74.27301032,105.68094307999999,10.39,10.4,6.54,13.1,105,157,1.493,5.198,10.956022,1401.614,96.374,2723.828,2078.92,1794.471,82998.49049,2913363.023,-1.0969929999999999
2020-06-01,351.74493031000003,45.41965282,65.28316993,210.60133009999998,27.9993837,142.8333469,67.205083,1.61827556,9.65400577,30.21240523,320.05572389,109.59271987,78.44467875000001,131.53805061,10.88,10.89,6.94,13.22,246,25,1.3,5.203,11.290061,1674.125,125.497,2712.029,2136.466,1985.667,112238.45199999999,3554986.269,-1.436231
2020-07-01,409.56169982,39.36965861,89.70948261999999,273.65787209,26.74177947,181.25973547,69.38544,1.7513265599999999,10.60977315,22.86619821,379.53004105,127.10748118000001,84.75837953999999,167.10814157000002,11.06,10.84,7.16,13.21,398,5,1.221,6.648,12.030918999999999,2041.702,166.135,2800.638,2470.641,2159.406,152292.989,4534176.643,-1.9857390000000001
2020-08-01,398.27969734000004,38.387297700000005,91.14541119,267.30302492,23.283557700000003,173.38975292,68.98218700000001,1.6743218999999998,9.31542156,23.029331900000003,368.88450416999996,123.05688421,86.36613013,158.93914743000002,11.02,10.9,7.07,13.26,356,7,0.931,6.813,12.09012,2000.938,163.421,2802.176,2406.619,2173.142,154613.424,4350485.871,-2.3607869999999997
2020-09-01,333.25804764000003,36.58337025,68.40674534,211.77738959,18.67880991,141.1637049,65.727317,1.19401581,7.73232157,23.18597755,322.55451332,113.21974254000001,80.97688954,127.82389319,10.99,11.02,7.0,13.49,181,58,0.954,4.694,11.107672,1596.999,127.415,2738.793,2159.214,2074.741,119536.86752,3520527.308,-1.575148
2020-10-01,313.53127121,41.52342833,59.804589039999996,193.19109724,18.8104061,131.24161631,59.36246499999999,1.22714527,7.08518487,28.82266268,296.87657754,108.46818854,82.37138048999999,105.51393610000001,10.65,10.72,6.72,13.66,82,248,0.77,4.654,10.954224,1475.311,115.043,2780.936,2322.819,2123.964,105106.42022,3330090.1149999998,-1.2885060000000002
2020-11-01,301.25018091,44.69876698,61.182186390000005,173.20146718,20.892659169999998,109.65792447,61.759977,1.4115386,5.76651939,33.12940510000001,277.24920095000004,97.89662003999999,79.16679619,99.66093654,10.38,10.53,6.49,13.31,32,423,0.803,4.216,10.933486,1412.161,106.332,2774.983,2448.866,2003.141,106278.13476,2769322.767,-1.109065
2020-12-01,344.34609465,43.20319446,78.58762866000001,208.96305343,21.507847180000002,127.68513509,69.87097800000001,1.69089356,5.09142256,32.01064517,315.33030203000004,105.45620387,79.49180082999999,129.76075834,10.37,10.41,6.41,12.78,7,751,0.807,5.129,12.114777,1663.167,129.53,2886.298,3190.619,2065.139,134334.39615,3167992.458,-1.078124
2021-01-01,349.20970890999996,41.79035573,81.23977891,210.44190145000002,24.56004066,126.52959847,71.73246300000001,1.63765861,5.5592450200000005,30.060471399999997,321.49647552,104.49764717,79.74953023,136.68235148000002,10.29,10.27,6.32,12.62,10,805,0.941,5.086,12.480054,1678.164,131.76,2871.976,3335.219,2045.425,138966.42301,3089413.779,-1.297488
2021-02-01,323.89952894,38.5912605,87.47049993,201.72201850000002,20.13650917,111.18291493,62.95416,2.24896486,6.33040705,26.71550092,299.69803448,98.35567733,74.24526189,126.54955736999999,11.16,11.36,7.75,13.01,12,794,1.097,4.024,10.118249,1606.603,132.798,2401.865,3095.717,1869.794,146942.01639,2767440.858,-1.3461690000000002
2021-03-01,311.39727584999997,54.425507599999996,61.903963880000006,171.21881073,21.22043408,107.01871133,63.708237999999994,1.43598868,9.296181650000001,39.20524802,295.34500170999996,102.87723442,77.55152192,114.37398006000001,10.84,11.08,6.98,13.24,28,508,0.743,4.569,10.927655000000001,1382.377,105.511,2900.17,2640.102,2198.251,106723.18682,2669618.8510000003,-0.714637
2021-04-01,293.30794442999996,52.58776074,53.95613351,163.4673748,19.38882781,107.41626793,57.092023999999995,1.22404476,10.891714089999999,36.15780676,272.7786964,98.72137911,79.66085903999999,93.89087998,10.63,10.87,6.7,13.73,36,308,1.065,4.389,10.550093,1305.999,98.178,2828.588,2271.622,2183.622,92912.25224,2707803.891,-0.6214270000000001
2021-05-01,320.18096143,52.058756179999996,63.872720480000005,180.83197461999998,23.30896396,114.67579155,63.394115,1.3691167,12.45716045,33.78650791,290.06060198,104.7112089,83.70251056,101.16029411000001,10.69,10.86,6.65,13.86,100,151,0.972,4.667,11.06169,1488.246,111.37,2920.531,2116.42,2309.498,109697.51937,2866162.4560000002,-1.329846
2021-06-01,373.85647762,44.70292253,87.26460172,238.99881476000002,23.45407921,149.37555551,66.070373,1.38486061,12.19677663,26.67153368,338.41538015,119.05269114,86.70160938,132.15348565,11.25,11.33,7.22,13.83,274,12,0.804,5.246,11.783888999999999,1846.301,148.67,2816.197,2242.031,2337.507,146754.06343,3740122.872,-1.12039
2021-07-01,405.62409061999995,40.00292334,101.5365367,274.33563024,22.09751226,170.18936311000002,68.831593,1.56334308,12.191681200000001,21.71555151,373.94829907,127.85573402,91.05225211,154.49457173,11.45,11.46,7.42,13.83,347,5,1.098,5.512,12.677624,2051.901,172.37,2937.568,2417.59,2413.937,172398.28637,4257990.03,-2.08644
2021-08-01,412.86476753,45.159120300000005,101.8545988,277.54452689,20.32814723,172.71600517,69.471331,1.94340982,11.96682782,27.07112204,381.03930375000004,131.11112131,91.57636666,157.79177207,11.55,11.52,7.54,13.92,357,6,1.266,4.637,12.588638000000001,2067.933,173.765,2946.272,2436.266,2431.962,171848.01995,4314563.793,-2.018513
2021-09-01,347.74377489,45.99733896,78.87684017,219.66337719999999,17.022266520000002,138.2144087,64.520031,1.5879404300000002,11.21424963,28.9978029,336.44401046999997,118.98868356999999,85.81713957,131.11130373,11.59,11.65,7.61,14.14,200,40,1.175,3.915,11.388281999999998,1645.175,136.932,2870.587,2138.211,2267.091,136319.84279,3436713.307,-1.263799
2021-10-01,320.20177808,47.07709996,62.57214269999999,197.03517962,17.13293623,131.85168145,58.401112,1.54923933,9.26803855,32.21511144,302.12747063,112.24647542,85.35596905,103.9922144,11.24,11.52,7.44,14.06,84,180,1.308,4.159,11.485871,1483.241,118.298,3013.375,2259.328,2357.78,110025.29854,3286058.054,-1.326242
2021-11-01,314.30952061,49.19494304,57.42634728,182.39992519,19.373249660000003,122.43325919,62.749318,1.6695281,7.795101,35.75109063,287.13380021,103.50607833000001,82.54523505,100.59096639,11.14,11.29,7.37,14.07,18,509,1.803,2.965,11.705066,1466.931,109.603,2949.082,2684.978,2310.872,101833.54826,3073864.053,-1.1953230000000001
2021-12-01,337.10356092,52.094386899999996,60.02459585,190.09966058,23.56187556,127.58643004999999,70.719837,1.55911506,6.090865259999999,39.84902762,307.3871788,106.51556744,82.65523457,117.69550509000001,11.03,11.15,7.06,13.72,26,616,1.584,3.997,12.147957,1554.33,113.241,3073.064,3008.222,2348.104,106739.96743,3130352.174,-1.330226
2022-01-01,373.76570458000003,51.245682110000004,87.58822693,227.20977398,24.19761344,134.94753057999998,70.576875,3.66927141,7.82162574,37.41632051,338.65604633,113.60509055,83.98200591000001,140.50406917,11.24,11.26,7.19,13.64,8,914,1.47,4.468,12.397126,1799.911,143.23,2950.871,3582.058,2175.45,149725.82003,3339316.518,-1.543003
2022-02-01,324.31077193,52.116990279999996,70.96637798,188.53324025,21.320568220000002,114.94542818000001,61.852177000000005,1.7354996200000001,9.026759389999999,37.64462607,305.86307052,103.06262117,76.89252873000001,125.34230282,11.42,11.66,7.28,13.76,11,712,1.539,3.36,10.831033,1476.651,118.156,2690.795,3052.434,2070.585,123132.81197000001,2840388.374,-1.2308709999999998
2022-03-01,324.53048057999996,60.37109505,61.0187735,175.90775831,24.43641649,112.47726754,63.153701,1.45873654,11.69422208,43.03054797,304.30002693,108.60313762,83.67908978,111.43858992,11.48,11.65,7.37,14.41,27,525,1.685,3.681,11.586596,1398.729,106.44,3027.982,2781.768,2369.76,106740.60141,2778272.059,-0.953871
2022-04-01,303.99364887999997,64.92918939,55.32913354,163.03309305,20.06583638,105.50584655,55.28954,1.2770605599999998,13.40163316,46.167094770000006,284.93286674,104.56587141000001,82.42210664,97.43184407000001,11.56,11.82,7.7,14.57,49,342,1.374,3.87,10.854681000000001,1279.68,98.168,2959.139,2358.188,2248.793,95899.85645,2655446.222,-0.7898540000000001
2022-05-01,342.18364215,62.84906781,62.53174438,192.08995915,23.35877956,127.09102336000001,63.38162449,1.43077173,15.12020823,42.12369758,309.69695397,113.00720865,86.08969405,110.07073408,11.98,12.0,8.25,14.89,147,122,1.608,4.375,11.466940000000001,1551.954,115.781,3059.893,2240.224,2386.376,108691.6179,3187313.736,-1.507415
2022-06-01,379.13382357,55.51368132,73.46310378999999,231.5471367,25.987795180000003,155.51699607,65.71542,1.58030848,16.05233251,33.76753068,347.10633234,121.5671717,88.71571321,136.31028781,12.75,12.75,8.85,15.3,270,26,1.13,5.515,11.689508,1792.634,139.772,2970.029,2317.094,2356.242,128255.84578,3869699.322,-1.8288659999999999
2022-07-01,422.97498247,51.264044829999996,86.41497061999999,278.07313318,24.5674546,189.04219412999998,68.85691899999999,1.5324844700000002,15.76547097,29.47497824,389.21417473,133.95171136,90.41984289,164.27657789,13.12,13.02,9.31,15.31,394,4,1.274,6.738,12.567459999999999,2081.261,167.869,3093.508,2589.602,2363.353,151631.42728,4713296.847,-2.248387
2022-08-01,412.13319484,45.159771410000005,85.21464958,276.65950935,21.13294901,188.85966884,68.896917,1.57699599,14.50235057,24.7184162,389.6262823,135.67595261,93.14314117,160.27146691,13.44,13.41,9.38,15.82,359,6,1.316,7.229,12.559584999999998,2003.279,164.582,3113.58,2566.702,2460.8,148524.91091,4668877.521,-1.804923
2022-09-01,351.65494444,46.125787859999996,64.99831931,224.52273066,17.02614725,156.94786255,63.733186,1.59002893,13.28613522,27.331133559999998,340.54384071000004,124.19527519,86.54952268,129.2413183,13.31,13.28,9.06,16.19,202,44,1.351,5.188,11.308710999999999,1627.197,130.798,3059.857,2293.531,2307.558,115158.91076,3861404.6199999996,-1.779646
2022-10-01,313.94899137,49.97731928,54.228457219999996,190.24925033000002,14.36741841,133.49152385,58.945383,1.5614436,11.941501550000002,32.74463415,297.19594414,111.85135754,85.017015,99.79219117000001,12.66,12.89,8.45,15.99,55,257,1.252,4.14,11.166979999999999,1430.907,110.521,3156.233,2362.424,2353.025,97805.81509,3308433.813,-1.3132179999999998
2022-11-01,321.78034697000004,55.18132514,56.376962930000005,186.29050166000002,17.89814767,127.52343893999999,62.041287,1.479354,8.402512710000002,41.1988465,292.25774617,106.85796303,81.70139939,103.15207773,12.3,12.33,8.14,15.55,23,511,0.907,3.534,11.554597,1480.387,109.685,3058.251,2768.946,2290.659,100368.69115,3181589.615,-1.4930109999999999
2022-12-01,360.25703143,51.291536820000005,73.38089229,219.1137795,20.42954086,140.71595863000002,69.09414699999999,4.03928627,6.77713575,38.679531940000004,327.77578446,113.92945205000001,81.85192666,131.40170248,12.4,12.28,8.5,14.94,11,781,0.852,4.873,11.742484000000001,1729.516,133.456,3114.806,3378.941,2293.647,128831.80956,3472376.755,-1.7354049999999999
2023-01-01,347.95030181,51.84864213,61.35703269,202.20888355999998,22.754216980000002,138.50265536,70.87008,1.40428691,7.806044839999999,38.357976889999996,325.41464493,112.78971678,80.40796007,131.63774262,12.68,12.61,8.18,15.47,17,715,1.203,4.488,11.4266,1586.409,118.209,3163.626,3317.042,2222.828,109877.14626,3384268.817,-2.055284
2023-02-01,310.92167661999997,55.90143366,46.37416021,173.92959628999998,19.96114213,125.03565376,60.806857,1.62844385,9.434587610000001,41.42426888000001,292.94566208,103.83028424,76.44923685,112.10518081000001,12.67,12.53,8.01,15.98,20,621,1.58,3.524,10.634624,1330.933,97.542,2846.196,2957.734,2081.603,83426.58855,3041727.0579999997,-1.512586
2023-03-01,331.70447229,61.2202129,50.0956027,186.06141691,21.331401399999997,133.69941149,62.820443,1.23812291,12.212812379999999,43.583753109999996,306.45394244,112.64296368,82.81707913,110.41692316999999,12.46,12.36,7.8,16.04,32,585,1.329,3.891,11.397124,1433.168,104.34,3196.323,3028.068,2380.228,89074.76974,3286993.863,-1.714979
2023-04-01,301.90318038,62.687142879999996,40.23260466,162.27966472999998,19.81960825,120.01163207,56.662458,1.1690651399999998,15.06164053,42.745507149999995,280.81114791,104.09076444,80.01106252999999,96.19585958,12.16,12.08,7.51,16.1,44,297,1.674,3.586,10.078961,1264.124,89.716,3067.575,2420.034,2265.741,71335.136,3009439.205,-0.8826609999999999
2023-05-01,327.47393908,54.85072177,43.80365904,183.41862813,27.65129087,137.39360125000002,61.155193,1.20995899,17.281047750000003,32.22718097,298.70556959000004,113.24271738,84.70357574,100.23051299000001,12.21,12.16,7.64,16.14,109,145,1.279,3.904,11.058187,1434.01,101.396,3196.235,2310.535,2402.741,78964.348,3378683.498,-1.455091
2023-06-01,359.23362938,50.561460350000004,57.77150047,221.99416143000002,21.572238979999998,161.98131328,64.819195,1.2671481000000002,17.83369949,27.54697393,328.79808364999997,120.70658417,86.19314599,121.31961100000001,12.72,12.63,8.11,16.09,210,43,1.376,3.066,11.539975,1677.062,126.146,3057.137,2366.079,2412.873,103188.497,3978739.8759999997,-1.6274669999999998
2023-07-01,425.45453117,52.28817523,78.90321656,281.08574475999995,21.977733830000002,199.5215421,69.88758800000001,1.61516495,18.89431191,28.00456067,387.25610720000003,136.39420263000002,90.52645351000001,159.71483353,13.06,12.91,8.36,15.86,390,5,1.986,3.217,12.197849,2051.07,162.264,3183.137,2672.061,2417.703,136119.5759,4950189.77,-1.945656
2023-08-01,422.9045213,51.626100189999995,78.11171337,280.02952591,21.29308687,199.22082976,69.744023,1.60927258,17.74405054,28.39417813,392.43603404,138.38957188,92.00870522000001,161.46019193,13.27,13.08,8.9,15.91,350,10,1.619,3.003,12.283085,2014.503,161.154,3202.498,2683.066,2500.246,134552.48965,4941621.774,-1.9215360000000001
2023-09-01,360.48955795,49.052650119999996,59.95886512,228.73916871999998,16.91572764,166.31099338,65.55971000000001,1.4858884700000001,15.58282385,28.35333067,346.47644134999996,126.54578749000001,86.47208044,132.80700629,13.14,13.07,8.43,16.27,204,46,2.27,2.356,11.618294,1633.131,128.771,3105.466,2386.277,2296.336,105440.96496,4080986.886,-1.600531
2023-10-01,326.71829157,55.18088491,50.932742639999994,193.96433674,15.67255982,140.82484574,61.435632,1.2832149899999998,14.120712240000001,36.01986504,308.06540868,118.20785264,85.97838096,103.31377418,12.67,12.73,8.01,16.48,73,207,2.006,2.211,11.221210999999998,1460.633,110.208,3212.305,2442.786,2426.157,91462.48313,3532861.256,-1.086733
2023-11-01,320.78475898,52.22021054,51.209356160000006,188.78381930999998,17.02568245,135.53127662,62.257644,1.08458394,10.44611045,36.44537672,294.24848557,109.7564832,82.0362777,101.90658739,12.44,12.43,7.79,16.19,20,505,1.829,2.469,11.441975000000001,1455.749,107.08,3156.146,2825.894,2306.411,91303.19798,3376190.153,-1.009643
2023-12-01,347.73161847,52.80094001,56.364823689999994,206.69405718000002,19.02764919,148.02915667999997,68.854346,1.23787024,9.11250704,38.03836307,312.64183476,111.51182661,81.65167602,118.91696042000001,12.34,12.24,7.61,15.69,11,624,1.863,3.202,12.020271000000001,1582.229,114.873,3265.794,3182.367,2353.622,98971.98308,3580230.626,-1.553596
2024-01-01,381.12190133999997,49.91686126,75.61752770000001,240.18671082,21.55390405,161.66664099000002,69.079735,1.82848752,9.58286224,34.79087225,343.71652172,118.23400579,82.51733102,142.35352686000002,12.65,12.5,8.07,15.41,9,841,1.876,3.613,12.265941999999999,1805.186,140.716,3154.708,3729.812,2240.465,130447.21458,3951879.54,-1.278882
2024-02-01,322.21435031,58.64845496,44.13743221,177.87008455,20.79529923,131.84473645999998,64.583812,0.95698633,12.53997904,40.98158242,303.25834281,108.96666608,78.27667916,115.47719178999999,12.66,12.53,7.76,16.1,13,576,2.379,2.539,11.001805000000001,1365.681,98.08,3032.497,2966.965,2145.881,80674.147,3199231.773,-1.266516
2024-03-01,324.93809919,66.37332503,38.505274709999995,171.51593968,23.362635450000003,131.1373046,63.345769,0.99149982,16.01911004,45.101851849999996,297.27827618,111.38231368999999,83.1000825,102.20304497000001,12.57,12.47,7.68,16.67,31,489,2.556,2.207,11.090292,1344.305,91.916,3171.604,2800.749,2355.216,70012.548,3209821.505,-1.0489410000000001
2024-04-01,310.77962346,71.1814553,37.2458778,160.83435391999998,20.91574336,121.53187854000001,57.541875999999995,1.14376042,19.241078119999997,47.088459900000004,286.25679709,108.97249159,82.07805685,94.67402447,12.54,12.35,7.79,16.86,46,281,2.263,1.8,10.760129999999998,1266.539,87.883,3040.592,2399.649,2304.695,65979.971,3063006.218,-1.035266
2024-05-01,348.48515772999997,66.7313167,45.812366069999996,191.84926038,24.477223170000002,143.99337097,64.972965,1.15409599,22.371396809999997,39.25564694,313.96145312000004,117.86368825000001,87.90110025,107.60471543,12.47,12.32,7.87,16.4,157,114,1.746,1.792,11.076596,1514.858,105.93,3146.787,2338.619,2467.955,80763.01631,3554307.827,-0.750977
2024-06-01,391.63198810999995,68.21382580000001,61.338660759999996,232.71409899,22.39656968,169.15586181,68.19214699999999,1.27897109,24.45901208,38.66138917,355.88196752,127.94905253,88.44598477,138.92046023999998,13.14,12.89,8.41,16.38,292,20,1.453,2.874,11.042302,1761.94,131.27,3081.871,2430.874,2385.379,105490.79113000001,4154601.6750000003,-1.7249309999999998
2024-07-01,429.31664107,58.07634152,71.56535794,279.92118832999995,21.38398095,205.95873746,69.850752,1.4482039,24.48376719,28.30445113,397.87258565999997,139.55100435999998,92.84760751,164.83324943,13.63,13.37,8.73,16.62,391,4,1.514,4.001,11.900073,2016.278,158.119,3225.035,2746.362,2511.273,124071.98766,5106314.712,-1.860715
2024-08-01,423.1269238,58.9814362,68.76046706,274.01093959,20.490581289999998,202.91541080000002,69.760288,1.4243621,24.32847237,29.28962048,394.19946181,140.63226455,93.84751156,159.09842282,13.48,13.16,8.67,16.6,342,9,1.219,3.375,12.227311,1974.825,154.456,3195.021,2724.003,2505.75,120798.30649999999,5006087.47,-2.411574
2024-09-01,359.39657136,54.70281059,54.558652009999996,226.14059379000003,15.91134208,169.67090732,62.660468,1.07473124,20.53823689,29.178430560000002,343.07070554,127.24828887000001,87.91971262999999,127.34005411,13.34,13.23,8.45,16.82,210,37,0.991,3.094,11.025015999999999,1607.456,124.881,3070.289,2416.417,2311.095,96993.27311,4143636.884,-1.907298
2024-10-01,333.98011830999997,64.16215224,46.889696300000004,195.56150841000002,15.35221163,146.71081733,58.773349,1.1602879499999998,19.82772832,39.59152366,315.9019817,120.89870457,88.35389142,106.08327951,12.96,12.89,8.11,17.09,96,186,0.906,2.796,10.263655,1452.295,109.108,3216.838,2431.064,2440.888,84514.25827,3671740.3510000003,-1.332463
2024-11-01,322.35087087,59.05529702,44.924318910000004,184.50588561,16.723428759999997,137.68659992000002,61.904051,1.09508857,13.84132269,40.13313355,295.79604265999996,112.09079487,84.36899389,98.78189253,12.57,12.35,7.85,16.85,32,430,1.247,1.79,10.715326999999998,1433.546,102.78,3113.573,2709.513,2284.791,81710.68570999999,3428485.546,-1.490342
2024-12-01,361.29205161000004,57.523801979999995,62.80028918,212.87701086,19.533134569999998,147.62988008,71.200098,1.52797761,12.600947210000001,39.52739468,328.18769582000004,117.15194094,84.92723808,125.50372372,12.82,12.64,7.96,16.27,13,704,1.287,3.373,11.672072,1658.923,122.245,3276.117,3361.874,2365.789,109100.99204,3615285.19,-1.4916779999999998
2025-01-01,402.34540122,64.45581401999999,83.15325455,244.54657501,21.43114404,157.00070122,71.73893799999999,3.2889667300000003,15.45350225,43.60006416,361.98107068,124.44735304,84.51920513,152.32858847,13.09,12.82,8.34,15.94,5,947,1.232,4.073,12.282129000000001,1887.074,147.274,3235.544,3921.561,2302.283,140781.21396,3894201.6599999997,-1.445966
2025-02-01,338.59166991,60.737115429999996,62.306023950000004,196.30936834,19.543314600000002,131.374315,61.828502,1.51800457,16.44752148,39.346221619999994,320.56101322999996,113.20445431,79.22886546,127.51728971,13.18,12.98,8.24,16.43,17,686,1.247,3.134,10.757935999999999,1482.658,116.041,2938.995,3232.549,2088.252,108284.82032,3237552.633,-1.248643
2025-03-01,333.62894265,79.15542678,49.21522407,169.37516247000002,22.4505158,118.11780361,62.456661,1.26969796,23.23821298,50.59146731,307.24125778,114.42690423,83.21047831,108.96872276,13.23,13.16,8.26,17.09,31,470,1.563,2.374,11.397714,1361.688,97.427,3330.947,2750.943,2328.113,86898.17718,2936985.375,-1.218505
2025-04-01,320.47790475,77.4289529,45.52636037,161.99206555,22.83922305,114.64211805000001,57.892519,1.17538334,26.78055356,45.87575116,294.84637543,112.43561527,84.53589711000001,97.30629017,13.09,12.89,8.21,17.55,58,279,1.244,2.913,10.556854999999999,1309.28,93.4,3210.882,2377.212,2314.197,79988.102,2899243.406,-0.791555
2025-05-01,344.03396501,71.65673586,48.77818686,185.59143416999999,24.35592802,135.07216877,62.144818,1.10719112,29.74558012,36.87298337,312.48873467,119.94259622000001,87.13443661999999,104.85586683,13.13,12.93,8.29,17.37,127,136,0.99,3.324,10.822496,1468.257,104.885,3305.711,2308.218,2393.102,85918.34700000001,3331011.467,-0.73862
2025-06-01,393.28483316,72.99290553,64.50154129,231.7882433,22.15923746,164.79324381,66.222276,1.53185633,32.034348699999995,35.7764113,357.1003815,130.58900785,90.0223073,135.82211661,13.86,13.54,8.9,17.47,278,20,0.905,2.712,11.264272,1769.748,133.897,3226.358,2416.126,2402.134,112084.95865999999,4067858.626,-1.226938
2025-07-01,446.31952576,70.64823166999999,80.26024034000001,284.81205629,19.98199708,201.99095786,70.78133,1.67403511,33.42409826,31.81012879,407.62971481,144.36314666,94.65130475,168.01064976,14.36,14.05,9.33,17.45,392,4,1.274,2.152,11.964002,2078.607,164.777,3354.506,2723.453,2489.696,138061.2355,4957303.365,-1.246557
2025-08-01,420.24183474999995,64.50145977999999,69.72803343,265.00595239,20.09796822,192.89400765000002,70.705131,1.51993306,31.808727599999997,27.30683469,392.63089766,142.26268351000002,94.53972875,155.20386061,14.22,13.93,9.08,17.61,309,11,1.306,2.407,12.039962,1919.162,150.318,3371.295,2642.658,2478.285,121518.7736,4728374.522,-1.598198
2025-09-01,368.14484418999996,58.954093220000004,58.30193173,228.43768375,15.284791649999999,167.87550823,65.457826,1.29720918,28.14893634,25.672707839999998,346.20216892999997,129.79109404,89.0411248,126.77750872,14.21,13.99,9.02,18.08,203,40,1.034,2.332,11.479217,1673.091,128.467,3250.051,2426.627,2337.242,102672.97222000001,4137542.972,-1.305671
2025-10-01,345.25327074,69.0341866,54.01885287,200.46846287,16.54458103,143.98476175000002,59.222248,1.37928044,24.605458480000003,39.53358109,320.58800988,124.6800319,88.00445672000001,107.31318515999999,13.66,13.49,8.65,17.97,80,215,2.165,1.582,11.356643,1489.886,114.074,3329.098,2443.316,2415.175,95460.21551000001,3558728.4699999997,-1.555817
2025-11-01,334.98560344,64.58134787,54.48978643,188.23663570000002,18.414546880000003,131.5653064,63.809357000000006,1.31464013,18.59206613,40.95679915,299.02180516,114.82161454,82.42232752999999,101.22240743,13.43,13.19,8.44,17.78,26,464,2.231,1.193,11.357583,1509.195,109.08,3310.016,2782.61,2275.499,95439.6245,3332003.153,-1.942675
2025-12-01,382.19380755000003,67.77138151999999,66.8712752,217.88232961,23.91996173,148.02739562,72.52111199999999,2.1833593999999996,15.39237657,47.04765926,337.71572686,122.52159204,84.9067827,129.66674412,13.73,13.63,8.53,17.24,15,748,2.536,1.892,11.798583,1731.004,126.454,3462.076,3498.392,2384.182,114069.24609,3657117.0889999997,-1.3840530000000002
2026-01-01,399.52918195,67.82906545,72.50266005,230.59223053,27.90938846,151.62969546,73.25091099999999,5.54754659,17.985254700000002,44.43371775000001,355.94017295,126.11966184,84.04272160000001,145.11501144,14.17,13.64,9.29,17.45,10,875,2.324,2.373,11.831307,1818.922,136.002,3365.9,3794.187,2244.525,122079.34638,3820848.5,-1.60122
2026-02-01,342.80061492000004,65.91285393,55.85852454,192.19052063,22.462024,132.08923208,62.384184999999995,3.4461211499999997,21.30514889,39.707241159999995,323.03452279000004,115.69149597,78.653492,128.05468195,14.36,14.37,8.95,17.65,14,650,0.0,0.8275333777120717,10.219445569849155,1358.7756263212127,95.17115368451671,2363.4847326030695,2643.7260433670053,1020.4003204970859,95852.02913,3280889.226,-1.694752
2026-03-01,348.75632952,86.26239524,44.131540099999995,173.64366058,26.92152562,127.37516994,62.095885,1.26155363,29.00043073,52.21908743,314.30822665000005,119.62152556,85.22776244,108.86772749999999,14.18,13.92,8.58,18.83,48,404,0.0,0.0,5.726689279396612,-63.60849471515007,0.0,0.0,0.0,0.0,77833.13664,3182966.0439999998,-1.8583880000000002
